BuildingType,Location,Size,AreaSqFt,NoOfBath,NoOfPeople,NoOfBalcony,RentPerMonth
Minimum Budget Rooms,Portofino H,1 BHK,400,1,1,1,1100
Minimum Budget Rooms,Portofino H,1 BHK,450,1,1,1,1100
Minimum Budget Rooms,School Street,1 BHK,530,1,1,0,1166
Minimum Budget Rooms,Portofino B,1 BHK,400,1,1,0,1400
Minimum Budget Rooms,School Street,2 BHK,460,1,1,0,1500
Minimum Budget Rooms,Portofino A,1 BHK,600,1,1,1,1500
Semi Furnished Single Room,School Street,1 BHK,654,1,1,0,1513.5
Semi Furnished Single Room,School Street,1 BHK,645,1,1,1,1645
Semi Furnished Single Room,School Street,1 BHK,645,1,1,1,1645
Semi Furnished Single Room,Clubview Road,2 BHK,880,1,1,1,1650
Minimum Budget Rooms,School Street,2 BHK,650,1,1,1,1700
Minimum Budget Rooms,Portofino H,1 BHK,686,1,1,1,1700
Minimum Budget Rooms,Portofino C,1 BHK,666,1,1,0,1753.5
Minimum Budget Rooms,Portofino A,1 BHK,665,1,1,0,1841
Minimum Budget Rooms,Portofino A,1 BHK,386,1,1,0,1850
Minimum Budget Rooms,Portofino D,1 BHK,416,1,1,1,1850
Minimum Budget Rooms,School Street,1 BHK,1200,1,1,0,2000
Semi Furnished Single Room,Portofino H,1 BHK,530,1,1,1,2000
Minimum Budget Rooms,School Street,2 BHK,800,1,1,1,2000
Semi Furnished Single Room,Portofino B,1 BHK,425,1,1,0,2003
Semi Furnished Single Room,Portofino A,1 BHK,525,1,1,0,2153
Semi Furnished Single Room,Portofino A,2 BHK,460,1,1,0,2200
Semi Furnished Single Room,Portofino H,2 BHK,656,2,1,1,2200
Semi Furnished Single Room,School Street,2 BHK,805,2,1,1,2214
Semi Furnished Single Room,Portofino C,2 BHK,900,2,1,2,2250
Minimum Budget Rooms,Starter Homes,1 BHK,500,1,1,1,2300
Minimum Budget Rooms,Clubview Road,2 BHK,400,3,1,3,2300
Minimum Budget Rooms,Clubview Road,2 BHK,660,1,1,1,2310
Minimum Budget Rooms,Portofino A,2 BHK,810,2,1,2,2450
Semi Furnished Single Room,Clubview Road,1 BHK,469,1,1,0,2500
Semi Furnished Single Room,Portofino H,2 BHK,656,2,1,1,2500
Semi Furnished Single Room,Clubview Road,2 BHK,891,2,1,1,2500
Semi Furnished Single Room,Clubview Road,2 BHK,1000,2,1,1,2500
Minimum Budget Rooms,Portofino A,2 BHK,1000,2,1,1,2500
Semi Furnished Single Room,Portofino D,1 RK,510,1,1,0,2525
Semi Furnished Single Room,School Street,3 BHK,1033,2,1,2,2553
Semi Furnished Single Room,School Street,2 BHK,1015,2,1,2,2588
Semi Furnished Single Room,School Street,2 BHK,1015,2,1,2,2588
Minimum Budget Rooms,Portofino C,1 BHK,375,2,1,0,2600
Minimum Budget Rooms,Portofino A,1 BHK,525,1,1,1,2600
Minimum Budget Rooms,Portofino A,1 BHK,525,1,1,1,2600
Minimum Budget Rooms,Clubview Road,2 BHK,700,1,1,1,2600
Minimum Budget Rooms,School Street,2 BHK,1060,2,1,1,2650
Minimum Budget Rooms,Portofino C,2 BHK,900,2,1,0,2700
Semi Furnished Single Room,Clubview Road,1 BHK,589,1,1,1,2700
Minimum Budget Rooms,Portofino A,2 BHK,850,2,1,2,2700
Semi Furnished Single Room,Portofino D,2 BHK,1090,2,1,1,2724
Semi Furnished Single Room,Portofino A,1 BHK,525,1,1,1,2725
Semi Furnished Single Room,School Street,2 BHK,1025,2,1,2,2768
Semi Furnished Single Room,Portofino D,1 RK,445,1,1,0,2800
Minimum Budget Rooms,Clubview Road,2 BHK,823,2,1,1,2800
Minimum Budget Rooms,School Street,2 BHK,1126,2,1,1,2815
Minimum Budget Rooms,Clubview Road,2 BHK,1090,2,1,1,2834
Minimum Budget Rooms,Clubview Road,1 BHK,630,1,1,1,2835
Minimum Budget Rooms,Clubview Road,2 BHK,1000,2,1,1,2888
Minimum Budget Rooms,Portofino A,2 BHK,883,2,1,1,2900
Minimum Budget Rooms,Portofino C,2 BHK,1010,2,1,1,2950
Minimum Budget Rooms,Portofino G,1 BHK,451,1,1,0,2990
Minimum Budget Rooms,Portofino A,1 BHK,525,1,1,1,3000
Minimum Budget Rooms,Portofino A,1 BHK,930,1,1,1,3000
Minimum Budget Rooms,Portofino D,2 BHK,820,2,1,1,3000
Minimum Budget Rooms,Clubview Road,2 BHK,850,2,1,1,3000
Semi Furnished Single Room,School Street,3 BHK,1190,2,1,2,3035
Semi Furnished Single Room,Clubview Road,2 BHK,1020,2,1,1,3060
Semi Furnished Single Room,Clubview Road,2 BHK,950,2,1,3,3100
Semi Furnished Single Room,School Street,2 BHK,1090,2,1,2,3148
Semi Furnished Single Room,Portofino C,2 BHK,913,2,1,1,3200
Semi Furnished Single Room,Portofino A,2 BHK,950,2,1,1,3200
Semi Furnished Single Room,School Street,2 BHK,1050,2,1,1,3200
Semi Furnished Single Room,Clubview Road,2 BHK,1063,2,1,1,3200
Minimum Budget Rooms,School Street,2 BHK,1200,2,1,2,3200
Minimum Budget Rooms,Clubview Road,2 BHK,1125,2,1,1,3249
Minimum Budget Rooms,School Street,2 BHK,970,2,2,0,3300
Minimum Budget Rooms,Portofino A,2 BHK,674,2,2,1,3300
Minimum Budget Rooms,Portofino C,2 BHK,825,2,2,1,3300
Minimum Budget Rooms,Portofino E,1 BHK,650,1,2,2,3300
Minimum Budget Rooms,Portofino B,2 BHK,1001,2,2,2,3303
Minimum Budget Rooms,School Street,3 BHK,1305,3,2,1,3328
Minimum Budget Rooms,Starter Homes,1 BHK,595,1,2,1,3332
Minimum Budget Rooms,Clubview Road,2 BHK,1050,2,1,1,3400
Minimum Budget Rooms,Portofino C,1 BHK,1366,1,1,0,3418.5
Semi Furnished Single Room,Clubview Road,2 BHK,861,2,1,1,3450
Semi Furnished Single Room,Clubview Road,1 BHK,630,1,2,1,3465
Semi Furnished Single Room,Portofino D,2 BHK,1091,2,2,1,3490
Minimum Budget Rooms,Portofino A,2 BHK,890,2,2,1,3500
Minimum Budget Rooms,Clubview Road,2 BHK,1000,2,1,1,3500
Minimum Budget Rooms,School Street,3 BHK,1075,2,1,1,3500
Minimum Budget Rooms,Portofino E,2 BHK,805,2,1,2,3500
Minimum Budget Rooms,Portofino C,2 BHK,901,2,2,1,3514
Semi Furnished Single Room,Clubview Road,3 BHK,1220,2,2,1,3523
Minimum Budget Rooms,Clubview Road,3 BHK,1220,2,1,1,3523
Minimum Budget Rooms,School Street,1 BHK,540,1,1,1,3600
Semi Furnished Single Room,Portofino A,1 BHK,711,1,1,1,3600
Minimum Budget Rooms,Clubview Road,2 BHK,770,1,2,1,3600
Minimum Budget Rooms,Portofino H,2 BHK,1200,1,2,1,3600
Semi Furnished Single Room,Portofino A,2 BHK,700,2,2,1,3600
Minimum Budget Rooms,Clubview Road,2 BHK,869,2,2,1,3600
Minimum Budget Rooms,School Street,3 BHK,1075,2,1,1,3600
Semi Furnished Single Room,Portofino C,2 BHK,1025,2,1,2,3600
Minimum Budget Rooms,School Street,3 BHK,1075,3,1,2,3600
Semi Furnished Single Room,Clubview Road,2 BHK,1300,2,1,3,3600
Minimum Budget Rooms,Portofino A,2 BHK,1005,2,1,1,3668
Minimum Budget Rooms,Portofino E,1 BHK,665,1,1,1,3685
Minimum Budget Rooms,Portofino E,1 BHK,667,1,1,1,3685
Minimum Budget Rooms,Portofino C,2 BHK,1050,2,1,0,3700
Minimum Budget Rooms,School Street,3 BHK,1075,2,1,1,3700
Minimum Budget Rooms,School Street,2 BHK,708,2,1,2,3700
Minimum Budget Rooms,Portofino H,2 BHK,1077,2,1,2,3764
Semi Furnished Single Room,Clubview Road,1 BHK,600,1,1,0,3800
Semi Furnished Single Room,Portofino A,2 BHK,750,2,1,1,3800
Semi Furnished Single Room,Portofino G,2 BHK,1000,2,1,1,3800
Minimum Budget Rooms,Portofino E,2 BHK,1170,2,1,1,3800
Semi Furnished Single Room,Portofino B,2 BHK,961,2,1,2,3800
Minimum Budget Rooms,Portofino C,3 BHK,1254,3,1,2,3800
Minimum Budget Rooms,Portofino D,2 BHK,1062,2,1,3,3800
Semi Furnished Single Room,Portofino C,2 BHK,1185,2,1,0,3800
Semi Furnished Single Room,Clubview Road,3 BHK,1320,2,2,1,3813
Semi Furnished Single Room,Portofino B,2 BHK,1141,2,2,2,3855
Minimum Budget Rooms,Portofino D,2 BHK,1114,2,2,1,3900
Minimum Budget Rooms,Portofino B,2 BHK,930,2,2,2,3900
Minimum Budget Rooms,Portofino F,2 BHK,1070,2,2,2,3900
Minimum Budget Rooms,Portofino H,2 BHK,1080,2,1,2,3900
Minimum Budget Rooms,Clubview Road,2 BHK,1056,2,1,1,3907
Minimum Budget Rooms,Portofino G,2 BHK,1040,2,1,1,3952
Minimum Budget Rooms,Portofino A,2 BHK,1135,2,1,1,3973
Minimum Budget Rooms,Portofino D,3 BHK,1135,2,1,2,3973
Minimum Budget Rooms,Portofino D,3 BHK,1540,2,1,0,4000
Minimum Budget Rooms,Clubview Road,1 BHK,630,1,1,1,4000
Minimum Budget Rooms,School Street,2 BHK,708,1,1,1,4000
Minimum Budget Rooms,Portofino H,2 BHK,900,2,1,1,4000
Minimum Budget Rooms,Clubview Road,2 BHK,910,2,1,1,4000
Minimum Budget Rooms,Portofino H,2 BHK,920,2,1,1,4000
Minimum Budget Rooms,School Street,2 BHK,950,2,2,1,4000
Minimum Budget Rooms,Portofino A,2 BHK,950,2,2,1,4000
Minimum Budget Rooms,Clubview Road,2 BHK,1020,2,2,1,4000
Minimum Budget Rooms,Clubview Road,2 BHK,1115,2,2,1,4000
Minimum Budget Rooms,Portofino A,2 BHK,1200,2,1,1,4000
Minimum Budget Rooms,Clubview Road,1 BHK,750,1,1,2,4000
Minimum Budget Rooms,Portofino D,2 BHK,1022,2,1,2,4000
Minimum Budget Rooms,Clubview Road,2 BHK,1100,2,1,2,4000
Minimum Budget Rooms,Clubview Road,2 BHK,1140,2,2,2,4000
Minimum Budget Rooms,School Street,2 BHK,1250,2,2,2,4000
Minimum Budget Rooms,Portofino H,3 BHK,1250,3,2,2,4000
Minimum Budget Rooms,Portofino A,2 BHK,1150,2,2,3,4000
Minimum Budget Rooms,Portofino G,2 BHK,985,2,2,1,4039
Minimum Budget Rooms,Portofino A,2 BHK,1160,2,2,2,4061
Minimum Budget Rooms,Portofino B,1 BHK,700,1,2,0,4100
Minimum Budget Rooms,Clubview Road,2 BHK,940,2,2,1,4100
Minimum Budget Rooms,Portofino A,2 BHK,995,2,1,1,4100
Minimum Budget Rooms,Clubview Road,2 BHK,1185,2,1,1,4100
Minimum Budget Rooms,Portofino B,2 BHK,884,2,1,1,4110
Minimum Budget Rooms,Clubview Road,2 BHK,650,2,1,0,4200
Minimum Budget Rooms,Portofino C,3 BHK,900,2,1,1,4200
Minimum Budget Rooms,Portofino B,2 BHK,1090,2,1,1,4200
Semi Furnished Single Room,Clubview Road,2 BHK,1094,2,1,2,4200
Minimum Budget Rooms,Clubview Road,2 BHK,1100,2,1,2,4200
Minimum Budget Rooms,Clubview Road,2 BHK,1180,2,1,2,4200
Semi Furnished Single Room,Portofino H,3 BHK,1200,2,1,2,4200
Semi Furnished Single Room,Portofino E,2 BHK,1130,2,2,1,4216
Semi Furnished Single Room,Portofino D,2 BHK,1185,2,2,2,4260
Semi Furnished Single Room,Starter Homes,3 BHK,1645,3,2,2,4260
Semi Furnished Single Room,Portofino B,2 BHK,1155,2,2,2,4274
Minimum Budget Rooms,Portofino G,2 BHK,1070,2,2,1,4279
Semi Furnished Single Room,Portofino H,2 BHK,1141,2,2,1,4279
Minimum Budget Rooms,Starter Homes,2 BHK,4500,5,2,1,4300
Minimum Budget Rooms,Clubview Road,2 BHK,1007,2,1,2,4300
Minimum Budget Rooms,Clubview Road,2 BHK,1140,2,1,3,4300
Minimum Budget Rooms,Portofino H,2 BHK,1100,2,1,1,4325
Minimum Budget Rooms,Portofino D,2 BHK,1600,2,2,0,4341.5
Minimum Budget Rooms,Portofino C,2 BHK,1230,2,2,0,4348
Minimum Budget Rooms,Portofino C,2 BHK,1100,2,2,0,4349
Minimum Budget Rooms,Portofino B,2 BHK,1207,2,2,2,4350
Semi Furnished Single Room,Portofino G,3 BHK,1240,3,2,2,4350
Semi Furnished Single Room,Portofino D,2 BHK,1185,2,1,2,4351
Semi Furnished Single Room,Portofino H,2 BHK,1167,2,1,1,4376
Semi Furnished Single Room,Portofino B,2 BHK,1295,2,1,2,4390
Semi Furnished Single Room,Portofino B,2 BHK,950,2,1,1,4400
Semi Furnished Single Room,Clubview Road,2 BHK,1027,2,1,2,4400
Semi Furnished Single Room,School Street,2 BHK,1160,2,1,2,4400
Semi Furnished Single Room,Portofino D,2 BHK,1160,2,2,2,4400
Semi Furnished Single Room,School Street,2 BHK,1200,2,2,2,4400
Semi Furnished Single Room,School Street,3 BHK,1250,2,2,3,4400
Semi Furnished Single Room,Starter Homes,2 BHK,1125,4,2,3,4400
Semi Furnished Single Room,Portofino C,2 BHK,984,2,2,1,4428
Semi Furnished Single Room,Portofino C,3 BHK,1249,3,1,2,4471
Minimum Budget Rooms,Clubview Road,2 BHK,1045,2,1,0,4500
Semi Furnished Single Room,Portofino D,2 BHK,1101,2,1,0,4500
Semi Furnished Single Room,Portofino B,2 BHK,720,2,1,1,4500
Semi Furnished Single Room,Portofino H,2 BHK,793,2,1,1,4500
Semi Furnished Single Room,Portofino A,2 BHK,883,2,1,1,4500
Semi Furnished Single Room,Portofino A,2 BHK,883,2,1,1,4500
Semi Furnished Single Room,Portofino E,2 BHK,1035,2,1,1,4500
Minimum Budget Rooms,School Street,3 BHK,1075,2,1,1,4500
Semi Furnished Single Room,Clubview Road,2 BHK,1200,2,1,1,4500
Minimum Budget Rooms,School Street,3 BHK,1208,3,1,1,4500
Minimum Budget Rooms,Clubview Road,2 BHK,840,2,1,2,4500
Minimum Budget Rooms,Clubview Road,2 BHK,1000,2,1,2,4500
Semi Furnished Single Room,Portofino D,2 BHK,1020,2,1,2,4500
Minimum Budget Rooms,Clubview Road,2 BHK,1069,2,1,2,4500
Semi Furnished Single Room,Portofino D,2 BHK,1143,2,1,2,4500
Semi Furnished Single Room,Portofino H,2 BHK,1222,2,1,2,4500
Semi Furnished Single Room,Portofino C,2 BHK,1260,2,1,2,4500
Minimum Budget Rooms,Clubview Road,2 BHK,967,2,1,3,4500
Semi Furnished Single Room,Portofino G,2 BHK,1100,2,1,3,4500
Semi Furnished Single Room,Portofino C,2 BHK,1100,2,1,0,4500
Semi Furnished Single Room,Clubview Road,2 BHK,1028,2,1,1,4550
Semi Furnished Single Room,Clubview Road,2 BHK,1070,2,1,1,4550
Semi Furnished Single Room,Portofino B,2 BHK,1145,2,1,2,4579
Semi Furnished Single Room,Portofino D,2 BHK,1075,2,1,2,4580
Semi Furnished Single Room,Portofino B,2 BHK,1020,2,1,1,4590
Semi Furnished Single Room,School Street,3 BHK,1530,2,1,1,4590
Semi Furnished Single Room,Portofino E,2 BHK,1210,2,1,1,4598
Semi Furnished Single Room,Portofino G,2 BHK,1100,2,2,0,4600
Semi Furnished Single Room,School Street,2 BHK,1025,2,2,1,4600
Semi Furnished Single Room,School Street,3 BHK,1075,2,2,1,4600
Semi Furnished Single Room,Clubview Road,1 BHK,715,1,2,2,4600
Semi Furnished Single Room,School Street,3 BHK,1200,3,2,2,4600
Semi Furnished Single Room,Portofino B,3 BHK,1464,3,2,2,4600
Semi Furnished Single Room,Portofino B,2 BHK,1140,2,2,2,4650
Semi Furnished Single Room,Portofino B,2 BHK,1225,2,2,1,4655
Semi Furnished Single Room,Starter Homes,3 BHK,1612,3,2,3,4674
Semi Furnished Single Room,School Street,2 BHK,1200,2,2,2,4680
Semi Furnished Single Room,Portofino B,2 BHK,950,2,2,1,4696
Minimum Budget Rooms,School Street,3 BHK,1025,2,2,1,4700
Semi Furnished Single Room,Portofino C,2 BHK,1251,2,2,1,4700
Semi Furnished Single Room,Portofino B,2 BHK,950,2,2,2,4700
Semi Furnished Single Room,Portofino D,2 BHK,1175,2,2,2,4700
Semi Furnished Single Room,Portofino C,2 BHK,1185,2,2,2,4700
Semi Furnished Single Room,Clubview Road,2 BHK,1194,2,2,2,4700
Minimum Budget Rooms,Portofino E,2 BHK,1240,2,1,2,4712
Minimum Budget Rooms,Portofino E,2 BHK,1225,2,1,2,4760
Minimum Budget Rooms,Portofino E,1 BHK,660,1,1,0,4800
Minimum Budget Rooms,Portofino B,2 BHK,1100,2,1,0,4800
Semi Furnished Single Room,Portofino B,2 BHK,980,2,1,1,4800
Semi Furnished Single Room,Portofino B,2 BHK,1202,2,1,1,4800
Minimum Budget Rooms,Portofino C,3 BHK,1330,2,1,1,4800
Semi Furnished Single Room,Portofino B,2 BHK,1100,2,1,2,4800
Semi Furnished Single Room,Clubview Road,3 BHK,1175,2,2,2,4800
Semi Furnished Single Room,Portofino B,2 BHK,1225,2,2,2,4800
Semi Furnished Single Room,School Street,3 BHK,1180,3,2,2,4800
Semi Furnished Single Room,Portofino B,2 BHK,1230,2,2,3,4800
Minimum Budget Rooms,Portofino E,3 BHK,1350,2,2,3,4800
Semi Furnished Single Room,Portofino B,2 BHK,1419,2,2,2,4810
Semi Furnished Single Room,Portofino E,2 BHK,1120,2,2,0,4813
Semi Furnished Single Room,Portofino A,2 BHK,1206,2,2,1,4823
Semi Furnished Single Room,Portofino B,2 BHK,1020,2,2,1,4845
Semi Furnished Single Room,Portofino C,3 BHK,1385,2,2,2,4848
Semi Furnished Single Room,Portofino E,2 BHK,1040,2,2,1,4850
Semi Furnished Single Room,Portofino E,3 BHK,1282,2,1,2,4870
Semi Furnished Single Room,Portofino C,2 BHK,1151,2,1,2,4877
Semi Furnished Single Room,Portofino B,2 BHK,1020,2,1,1,4895
Minimum Budget Rooms,School Street,2 BHK,1208,2,1,1,4900
Minimum Budget Rooms,Starter Homes,1 BHK,1600,2,1,1,4900
Minimum Budget Rooms,Portofino B,2 BHK,1030,2,1,2,4900
Minimum Budget Rooms,Portofino B,3 BHK,1282,2,1,2,4900
Minimum Budget Rooms,Portofino B,2 BHK,1133,2,1,1,4907
Semi Furnished Single Room,Portofino C,2 BHK,1035,2,1,2,4920
Semi Furnished Single Room,School Street,3 BHK,1260,3,1,1,4936
Semi Furnished Single Room,Portofino B,2 BHK,1140,2,1,1,4939
Semi Furnished Single Room,Portofino B,2 BHK,1019,2,1,2,4985
Semi Furnished Single Room,Portofino B,2 BHK,1019,2,1,2,4986
Semi Furnished Single Room,Portofino B,2 BHK,966,2,1,2,4990
Semi Furnished Single Room,Portofino G,2 BHK,1190,2,1,1,4998
Semi Furnished Single Room,Portofino D,1 BHK,600,1,2,0,5000
Semi Furnished Single Room,Portofino D,3 BHK,1540,3,2,0,5000
Semi Furnished Single Room,Portofino G,2 BHK,1005,2,2,1,5000
Minimum Budget Rooms,Portofino B,2 BHK,1116,2,2,1,5000
Semi Furnished Single Room,Portofino G,2 BHK,1270,2,2,1,5000
Semi Furnished Single Room,School Street,2 BHK,1300,2,2,1,5000
Semi Furnished Single Room,Portofino H,2 BHK,950,2,2,2,5000
Semi Furnished Single Room,School Street,2 BHK,1000,2,3,2,5000
Semi Furnished Single Room,Clubview Road,2 BHK,1080,2,3,2,5000
Semi Furnished Single Room,Portofino C,2 BHK,1084,2,3,2,5000
Semi Furnished Single Room,School Street,2 BHK,1100,2,3,2,5000
Minimum Budget Rooms,Portofino C,2 BHK,1115,2,3,2,5000
Semi Furnished Single Room,Clubview Road,2 BHK,1125,2,1,2,5000
Minimum Budget Rooms,Portofino A,2 BHK,1200,2,1,2,5000
Minimum Budget Rooms,Portofino C,2 BHK,1200,2,1,2,5000
Minimum Budget Rooms,Clubview Road,3 BHK,1600,2,2,0,5000
Minimum Budget Rooms,Portofino C,2 BHK,929,2,2,0,5017
Minimum Budget Rooms,School Street,3 BHK,1280,3,2,1,5040
Minimum Budget Rooms,Portofino G,2 BHK,918,2,2,1,5049
Semi Furnished Single Room,Portofino B,2 BHK,1113,2,2,1,5100
Semi Furnished Single Room,Portofino B,2 BHK,1200,2,2,1,5100
Semi Furnished Single Room,Clubview Road,2 BHK,1242,2,2,3,5100
Semi Furnished Single Room,Portofino A,2 BHK,1017,2,2,1,5125
Semi Furnished Single Room,Clubview Road,2 BHK,1175,2,2,2,5147
Minimum Budget Rooms,Portofino E,2 BHK,1116,2,2,1,5191
Semi Furnished Single Room,Portofino E,2 BHK,1116,2,2,3,5191
Semi Furnished Single Room,Portofino A,2 BHK,1020,2,2,1,5200
Semi Furnished Single Room,School Street,2 BHK,1070,2,2,1,5200
Semi Furnished Single Room,Clubview Road,2 BHK,1075,2,2,1,5200
Semi Furnished Single Room,Clubview Road,2 BHK,918,2,2,2,5200
Semi Furnished Single Room,Portofino B,2 BHK,1170,2,2,2,5200
Semi Furnished Single Room,Portofino A,2 BHK,1200,2,2,2,5200
Semi Furnished Single Room,Portofino B,2 BHK,1200,2,2,2,5200
Semi Furnished Single Room,Portofino C,2 BHK,1200,2,2,2,5200
Semi Furnished Single Room,Clubview Road,2 BHK,1275,2,2,2,5200
Semi Furnished Single Room,Portofino B,2 BHK,1150,2,2,3,5200
Semi Furnished Single Room,Portofino B,2 BHK,1250,2,2,3,5200
Semi Furnished Single Room,Portofino C,2 BHK,1235,2,2,1,5204
Semi Furnished Single Room,Portofino B,2 BHK,1050,2,2,2,5207
Semi Furnished Single Room,Portofino B,2 BHK,1160,2,2,2,5220
Semi Furnished Single Room,Portofino F,2 BHK,1150,3,2,3,5250
Semi Furnished Flat,Portofino H,4 BHK,1600,4,2,0,5280
Semi Furnished Flat,School Street,2 BHK,875,2,2,3,5280
Semi Furnished Single Room,Portofino B,2 BHK,1000,2,2,1,5300
Semi Furnished Flat,Portofino E,2 BHK,1075,2,2,1,5300
Semi Furnished Single Room,Clubview Road,2 BHK,1202,2,2,1,5300
Semi Furnished Single Room,Clubview Road,2 BHK,1113.27,2,2,2,5300
Semi Furnished Single Room,Portofino B,2 BHK,1170,2,2,3,5300
Semi Furnished Single Room,Portofino B,2 BHK,1152,2,2,1,5350
Semi Furnished Single Room,Portofino B,2 BHK,1102,2,2,2,5367
Semi Furnished Single Room,Portofino D,2 BHK,945,2,2,1,5400
Semi Furnished Single Room,Portofino H,2 BHK,1070,2,2,1,5400
Semi Furnished Single Room,Portofino E,3 BHK,1590,2,2,1,5400
Semi Furnished Single Room,Clubview Road,3 BHK,1260,2,2,2,5400
Semi Furnished Single Room,Portofino E,2 BHK,1350,2,2,2,5400
Semi Furnished Single Room,School Street,3 BHK,1500,2,2,3,5400
Semi Furnished Single Room,Portofino G,2 BHK,1105,2,3,0,5400.5
Semi Furnished Single Room,Portofino H,2 BHK,600,2,3,1,5500
Semi Furnished Single Room,Portofino D,2 BHK,775,2,3,1,5500
Semi Furnished Single Room,Clubview Road,2 BHK,845,2,3,1,5500
Semi Furnished Single Room,Portofino H,2 BHK,1000,2,3,1,5500
Semi Furnished Single Room,School Street,2 BHK,1060,2,3,1,5500
Semi Furnished Single Room,Portofino C,2 BHK,1069,2,3,1,5500
Semi Furnished Single Room,School Street,2 BHK,1070,2,3,1,5500
Semi Furnished Single Room,Clubview Road,3 BHK,1150,2,3,1,5500
Semi Furnished Single Room,Portofino H,2 BHK,1160,2,3,1,5500
Semi Furnished Single Room,Portofino H,2 BHK,1060,2,3,2,5500
Semi Furnished Single Room,Portofino B,2 BHK,1110,2,3,2,5500
Semi Furnished Single Room,School Street,2 BHK,1120,2,3,2,5500
Semi Furnished Single Room,Clubview Road,2 BHK,1150,2,2,2,5500
Semi Furnished Single Room,Portofino A,2 BHK,1166,2,2,2,5500
Semi Furnished Single Room,Portofino B,2 BHK,1200,2,2,2,5500
Semi Furnished Single Room,Portofino D,2 BHK,1200,2,2,2,5500
Semi Furnished Single Room,School Street,2 BHK,1260,2,2,2,5500
Semi Furnished Single Room,Portofino C,3 BHK,1450,3,2,2,5500
Semi Furnished Single Room,Clubview Road,3 BHK,1554,3,2,2,5500
Semi Furnished Single Room,Portofino E,3 BHK,1400,2,2,3,5500
Semi Furnished Single Room,Clubview Road,3 BHK,1252,3,2,3,5500
Semi Furnished Single Room,Clubview Road,2 BHK,1161,2,2,1,5515
Semi Furnished Flat,Portofino B,2 BHK,1295,2,2,1,5547
Semi Furnished Flat,Portofino E,2 BHK,1350,2,2,1,5555
Semi Furnished Flat,Clubview Road,2 BHK,782,2,1,2,5568
Semi Furnished Flat,Clubview Road,2 BHK,1340,2,1,2,5570
Semi Furnished Flat,Portofino B,2 BHK,1005,2,1,1,5578
Semi Furnished Flat,Portofino B,2 BHK,1303,2,2,2,5579
Semi Furnished Flat,Portofino E,2 BHK,1140,2,2,1,5600
Semi Furnished Single Room,School Street,3 BHK,1350,2,2,1,5600
Semi Furnished Flat,Clubview Road,3 BHK,1280,2,2,2,5600
Semi Furnished Flat,Portofino B,3 BHK,1250,3,2,2,5600
Semi Furnished Single Room,Clubview Road,3 BHK,1400,3,2,2,5600
Semi Furnished Single Room,Clubview Road,3 BHK,1464,3,2,2,5600
Semi Furnished Single Room,Clubview Road,3 BHK,1464,3,2,2,5600
Semi Furnished Flat,Portofino B,3 BHK,1464,3,2,2,5600
Semi Furnished Single Room,Clubview Road,2 BHK,1050,1,2,1,5600
Semi Furnished Single Room,Clubview Road,3 BHK,1200,3,2,1,5612
Semi Furnished Single Room,School Street,3 BHK,1290,2,2,2,5612
Semi Furnished Single Room,School Street,2 BHK,1153,2,2,2,5640
Semi Furnished Single Room,Portofino B,2 BHK,1220,2,2,1,5650
Semi Furnished Single Room,Portofino B,2 BHK,1320,2,2,0,5680
Semi Furnished Single Room,Portofino A,2 BHK,950,2,2,1,5700
Semi Furnished Single Room,Portofino B,2 BHK,1220,2,2,1,5700
Semi Furnished Single Room,Clubview Road,3 BHK,1325,3,2,1,5700
Semi Furnished Single Room,School Street,2 BHK,1153,2,2,2,5700
Semi Furnished Single Room,Portofino E,2 BHK,1170,2,2,2,5700
Semi Furnished Single Room,Portofino A,2 BHK,1180,2,2,2,5700
Semi Furnished Single Room,Portofino A,3 BHK,1190,2,2,2,5700
Semi Furnished Single Room,Portofino G,2 BHK,1388,2,2,3,5700
Semi Furnished Single Room,Portofino C,3 BHK,1670,2,2,3,5700
Semi Furnished Single Room,Portofino B,3 BHK,1693,3,2,3,5739
Semi Furnished Single Room,Portofino A,3 BHK,1082,2,2,1,5750
Semi Furnished Single Room,Portofino B,2 BHK,735,2,2,1,5799
Semi Furnished Single Room,Portofino A,2 BHK,884,1,2,0,5800
Semi Furnished Single Room,Portofino H,4 BHK,1380,3,2,0,5800
Semi Furnished Single Room,Portofino A,2 BHK,957,2,2,1,5800
Semi Furnished Single Room,Portofino A,3 BHK,1100,2,2,1,5800
Semi Furnished Single Room,Portofino E,2 BHK,1173,2,2,1,5800
Semi Furnished Single Room,Portofino H,2 BHK,1460,2,2,1,5800
Semi Furnished Single Room,Portofino C,3 BHK,1300,3,2,1,5800
Semi Furnished Single Room,Clubview Road,2 BHK,1105,2,2,2,5800
Semi Furnished Single Room,Portofino B,2 BHK,1186,2,2,2,5800
Semi Furnished Single Room,Clubview Road,2 BHK,1198,2,2,2,5800
Semi Furnished Single Room,Portofino C,2 BHK,1210,2,2,2,5800
Semi Furnished Single Room,Portofino H,3 BHK,600,3,2,2,5800
Semi Furnished Single Room,Portofino A,3 BHK,1100,3,2,2,5800
Semi Furnished Single Room,Portofino A,2 BHK,1060,2,2,2,5806
Semi Furnished Single Room,Portofino H,3 BHK,1305,2,2,1,5870
Semi Furnished Single Room,Portofino H,2 BHK,1130,2,2,0,5893.5
Semi Furnished Single Room,Clubview Road,4 BHK,675,3,2,1,5900
Semi Furnished Single Room,Portofino H,3 BHK,1556,2,2,1,5913
Semi Furnished Single Room,School Street,3 BHK,1615,3,2,2,5976
Semi Furnished Single Room,School Street,2 BHK,1162,2,2,1,5990
Semi Furnished Single Room,Portofino H,2 BHK,1195,2,2,0,5993.5
Semi Furnished Single Room,Portofino E,2 BHK,1155,2,2,3,5995
Semi Furnished Single Room,Portofino D,2 BHK,1200,2,2,0,6000
Semi Furnished Flat,Starter Homes,3 BHK,2400,2,2,0,6000
Semi Furnished Flat,School Street,1 BHK,600,1,2,1,6000
Semi Furnished Single Room,Portofino H,1 BHK,834,1,2,1,6000
Semi Furnished Flat,Clubview Road,2 BHK,1000,2,2,1,6000
Semi Furnished Flat,School Street,2 BHK,1060,2,2,1,6000
Semi Furnished Single Room,Portofino C,2 BHK,1128,2,2,1,6000
Semi Furnished Single Room,Portofino H,2 BHK,1380,2,2,1,6000
Semi Furnished Flat,Portofino B,2 BHK,1060,2,3,2,6000
Semi Furnished Single Room,Portofino F,2 BHK,1075,2,3,2,6000
Semi Furnished Flat,Clubview Road,2 BHK,1130,2,3,2,6000
Semi Furnished Flat,Clubview Road,3 BHK,1145,2,3,2,6000
Semi Furnished Flat,School Street,2 BHK,1148,2,3,2,6000
Semi Furnished Flat,Portofino B,2 BHK,1200,2,3,2,6000
Semi Furnished Flat,Portofino B,2 BHK,1240,2,3,2,6000
Semi Furnished Single Room,Portofino D,3 BHK,1400,3,3,2,6000
Semi Furnished Single Room,Portofino E,3 BHK,1650,3,3,2,6000
Semi Furnished Flat,Portofino B,3 BHK,1540,3,3,3,6000
Semi Furnished Single Room,Clubview Road,3 BHK,1325,2,3,2,6080
Semi Furnished Single Room,Clubview Road,2 BHK,1056,2,3,1,6100
Semi Furnished Single Room,Starter Homes,2 BHK,1200,2,3,2,6100
Semi Furnished Single Room,Clubview Road,3 BHK,1866,2,3,2,6158
Semi Furnished Single Room,Portofino D,2 BHK,1083,2,3,2,6175
Semi Furnished Single Room,Portofino E,3 BHK,1500,3,3,1,6195
Semi Furnished Single Room,Portofino B,2 BHK,1176,2,3,0,6200
Semi Furnished Single Room,Portofino D,2 BHK,550,1,3,1,6200
Semi Furnished Flat,School Street,2 BHK,1100,2,3,1,6200
Semi Furnished Single Room,Portofino E,2 BHK,1113,2,3,1,6200
Semi Furnished Single Room,Portofino B,2 BHK,1200,2,3,1,6200
Semi Furnished Flat,School Street,2 BHK,1125,2,3,2,6200
Semi Furnished Single Room,Clubview Road,3 BHK,1500,2,3,2,6200
Semi Furnished Single Room,Portofino C,3 BHK,1570,3,3,2,6200
Semi Furnished Single Room,Portofino D,3 BHK,1440,2,3,3,6200
Semi Furnished Flat,Portofino B,2 BHK,1200,2,3,3,6250
Semi Furnished Flat,School Street,2 BHK,1108,2,3,1,6300
Semi Furnished Flat,School Street,2 BHK,1128,2,2,1,6300
Semi Furnished Flat,Clubview Road,2 BHK,1222,2,2,1,6300
Semi Furnished Flat,Portofino B,2 BHK,1020,2,2,2,6300
Semi Furnished Flat,Portofino D,2 BHK,1286,2,2,2,6300
Semi Furnished Single Room,Portofino B,3 BHK,1310,3,2,1,6325
Semi Furnished Single Room,Clubview Road,2 BHK,1195,2,2,0,6377
Semi Furnished Single Room,Portofino A,3 BHK,1540,2,2,3,6400
Semi Furnished Single Room,Portofino C,3 BHK,1600,3,2,3,6400
Semi Furnished Single Room,School Street,3 BHK,1611,2,2,2,6444
Semi Furnished Single Room,School Street,2 BHK,1152,2,2,1,6450
Semi Furnished Single Room,School Street,3 BHK,1500,2,2,1,6450
Semi Furnished Single Room,Portofino A,3 BHK,1550,3,2,3,6450
Semi Furnished Single Room,Portofino A,2 BHK,1120,2,2,0,6500
Semi Furnished Single Room,Portofino D,2 BHK,1200,2,2,0,6500
Semi Furnished Single Room,Portofino A,3 BHK,1320,3,2,0,6500
Semi Furnished Single Room,Portofino C,2 BHK,975,2,2,1,6500
Semi Furnished Flat,Portofino H,2 BHK,1050,2,2,1,6500
Semi Furnished Flat,School Street,2 BHK,1128,2,2,1,6500
Semi Furnished Flat,School Street,2 BHK,1200,2,2,1,6500
Semi Furnished Flat,School Street,2 BHK,1200,2,2,1,6500
Semi Furnished Flat,School Street,2 BHK,1295,2,2,1,6500
Semi Furnished Flat,School Street,2 BHK,1360,2,2,1,6500
Semi Furnished Flat,Clubview Road,3 BHK,1430,2,2,1,6500
Semi Furnished Flat,School Street,3 BHK,1500,2,2,1,6500
Semi Furnished Single Room,Portofino A,5 BHK,500,3,2,2,6500
Semi Furnished Flat,Portofino A,3 BHK,1595,3,2,2,6500
Semi Furnished Single Room,Portofino B,3 BHK,1600,3,2,2,6500
Semi Furnished Single Room,Portofino C,3 BHK,1440,2,2,3,6500
Semi Furnished Flat,School Street,3 BHK,1550,3,2,3,6500
Semi Furnished Single Room,Portofino B,6 BHK,600,4,2,3,6500
Semi Furnished Flat,School Street,4 BHK,1664,4,2,3,6500
Semi Furnished Flat,School Street,3 BHK,1584,3,2,1,6500
Semi Furnished Flat,Portofino D,3 BHK,1535,3,2,2,6599
Semi Furnished Flat,Portofino D,3 BHK,1200,2,2,0,6600
Semi Furnished Flat,Portofino H,3 BHK,1170,2,2,1,6600
Semi Furnished Single Room,Portofino B,3 BHK,1641,3,2,2,6600
Semi Furnished Flat,School Street,2 BHK,1205,2,2,3,6600
Semi Furnished Flat,Clubview Road,3 BHK,1356,2,2,3,6600
Semi Furnished Flat,Portofino A,3 BHK,1415,2,2,3,6600
Semi Furnished Flat,Portofino H,2 BHK,1179,2,2,1,6602
Semi Furnished Flat,School Street,2 BHK,1260,2,2,2,6678
Semi Furnished Flat,Portofino C,2 BHK,1000,2,2,1,6700
Semi Furnished Flat,Portofino B,2 BHK,1215,2,2,1,6700
Semi Furnished Flat,Portofino D,2 BHK,1246,2,2,1,6700
Semi Furnished Flat,Portofino D,2 BHK,1345,2,2,1,6700
Semi Furnished Flat,Portofino B,1 BHK,705,1,2,2,6700
Semi Furnished Flat,Clubview Road,2 BHK,985,2,2,2,6700
Semi Furnished Flat,Portofino C,2 BHK,1255,2,2,2,6700
Semi Furnished Flat,Portofino A,3 BHK,1550,3,2,3,6700
Semi Furnished Flat,Portofino D,2 BHK,1246,2,2,1,6730
Semi Furnished Flat,Portofino B,2 BHK,1260,2,2,1,6739
Semi Furnished Flat,Clubview Road,2 BHK,1372,2,2,1,6800
Semi Furnished Flat,School Street,3 BHK,1440,2,2,3,6800
Semi Furnished Flat,Portofino D,3 BHK,1630,3,2,2,6829
Semi Furnished Flat,School Street,3 BHK,1282,2,2,2,6852
Semi Furnished Flat,School Street,2 BHK,1128,2,2,1,6875
Semi Furnished Flat,Clubview Road,3 BHK,1545,3,2,1,6875
Semi Furnished Flat,Clubview Road,2 BHK,1194,2,2,0,6900
Semi Furnished Flat,Clubview Road,2 BHK,1174,2,2,1,6900
Semi Furnished Flat,Clubview Road,2 BHK,1180,2,2,1,6900
Semi Furnished Flat,Portofino B,2 BHK,1280,2,2,1,6900
Semi Furnished Flat,Portofino D,6 BHK,1000,6,2,1,6900
Fully Furnished Single Room,School Street,2 BHK,1150,2,2,3,6900
Fully Furnished Single Room,Portofino D,2 BHK,1404,2,2,1,6930
Semi Furnished Flat,Clubview Road,3 BHK,1200,2,2,0,7000
Semi Furnished Flat,Portofino D,1 BHK,1000,1,2,1,7000
Fully Furnished Single Room,Portofino B,3 BHK,912,2,2,1,7000
Fully Furnished Single Room,Portofino E,2 BHK,1150,2,2,1,7000
Semi Furnished Flat,Portofino C,2 BHK,1195,2,2,1,7000
Fully Furnished Single Room,Clubview Road,2 BHK,1240,2,2,1,7000
Semi Furnished Flat,Portofino A,3 BHK,1425,2,3,1,7000
Fully Furnished Single Room,Portofino B,3 BHK,1577,3,3,1,7000
Fully Furnished Single Room,School Street,3 BHK,1125,4,3,1,7000
Semi Furnished Flat,Portofino B,4 BHK,1500,4,3,1,7000
Semi Furnished Flat,Portofino C,2 BHK,1000,2,3,2,7000
Fully Furnished Single Room,School Street,2 BHK,1142,2,3,2,7000
Semi Furnished Flat,Portofino B,3 BHK,1450,2,3,2,7000
Semi Furnished Flat,Clubview Road,3 BHK,1470,2,3,2,7000
Fully Furnished Single Room,Portofino E,3 BHK,1800,2,3,2,7000
Semi Furnished Flat,Clubview Road,3 BHK,1375,3,3,2,7000
Fully Furnished Single Room,Portofino G,2 BHK,1050,2,3,1,7100
Fully Furnished Single Room,School Street,3 BHK,1360,2,3,1,7100
Fully Furnished Single Room,Portofino D,2 BHK,1404,2,3,1,7100
Fully Furnished Single Room,Portofino B,2 BHK,1325,2,3,2,7155
Fully Furnished Single Room,Portofino D,8 BHK,600,4,2,1,7200
Semi Furnished Flat,Portofino G,2 BHK,1080,2,2,2,7200
Fully Furnished Single Room,Portofino B,4 BHK,700,4,2,1,7200
Semi Furnished Flat,Portofino B,2 BHK,1285,2,2,3,7250
Semi Furnished Flat,Clubview Road,3 BHK,1460,3,2,1,7300
Semi Furnished Flat,School Street,2 BHK,1342,2,2,1,7330
Semi Furnished Flat,Portofino B,2 BHK,1175,2,2,1,7350
Semi Furnished Flat,Portofino B,2 BHK,1175,2,2,2,7350
Fully Furnished Single Room,Portofino A,3 BHK,1664,2,2,3,7395
Fully Furnished Single Room,Portofino B,2 BHK,1200,2,2,1,7400
Fully Furnished Single Room,Portofino F,2 BHK,1192,2,2,2,7400
Fully Furnished Single Room,Portofino D,3 BHK,1200,3,2,2,7400
Fully Furnished Single Room,Portofino C,2 BHK,1346,2,2,1,7403
Fully Furnished Single Room,Portofino D,3 BHK,1436,3,2,1,7475
Fully Furnished Single Room,School Street,3 BHK,1520,3,2,1,7482
Semi Furnished Flat,Clubview Road,3 BHK,1602,2,2,0,7500
Fully Furnished Single Room,Portofino H,2 BHK,1105,2,2,1,7500
Semi Furnished Flat,Portofino C,3 BHK,1600,3,2,1,7500
Fully Furnished Single Room,Portofino B,2 BHK,1100,2,2,2,7500
Fully Furnished Single Room,Portofino B,2 BHK,1185,2,2,2,7500
Fully Furnished Single Room,Portofino E,2 BHK,1280,2,2,2,7500
Fully Furnished Single Room,School Street,3 BHK,1413,2,2,2,7500
Semi Furnished Flat,Portofino D,3 BHK,1425,2,2,2,7500
Semi Furnished Flat,Portofino B,3 BHK,1565,2,2,2,7500
Semi Furnished Flat,Portofino A,3 BHK,1375,3,2,2,7500
Semi Furnished Flat,Clubview Road,3 BHK,1475,3,2,2,7500
Semi Furnished Flat,Portofino C,3 BHK,1592,3,2,2,7500
Fully Furnished Single Room,Portofino A,2 BHK,1339,2,2,3,7500
Semi Furnished Flat,Clubview Road,2 BHK,1417,2,2,3,7500
Fully Furnished Single Room,Portofino E,3 BHK,1600,2,2,3,7500
Fully Furnished Single Room,Portofino A,3 BHK,1419,3,2,3,7500
Fully Furnished Single Room,Portofino B,4 BHK,2000,4,2,1,7550
Fully Furnished Single Room,Portofino D,3 BHK,1500,3,2,2,7550
Fully Furnished Single Room,School Street,2 BHK,1250,2,2,1,7600
Fully Furnished Single Room,Portofino A,2 BHK,1325,2,2,2,7600
Fully Furnished Single Room,Portofino B,3 BHK,1580,3,2,3,7600
Fully Furnished Single Room,Portofino B,6 BHK,900,7,2,0,7600
Fully Furnished Single Room,Portofino D,3 BHK,1350,3,2,0,7700
Semi Furnished Flat,Clubview Road,3 BHK,1400,3,2,0,7700
Semi Furnished Flat,Clubview Road,2 BHK,1279,2,2,1,7700
Semi Furnished Flat,Clubview Road,2 BHK,1508,2,2,1,7700
Fully Furnished Single Room,Portofino A,3 BHK,1400,2,2,2,7700
Fully Furnished Single Room,Clubview Road,2 BHK,1500,2,2,1,7800
Semi Furnished Flat,Portofino E,2 BHK,1326,2,2,2,7800
Semi Furnished Flat,Clubview Road,3 BHK,1650,3,2,2,7800
Semi Furnished Flat,Portofino B,3 BHK,1415,3,2,3,7800
Semi Furnished Flat,Portofino B,3 BHK,1720,3,2,3,7800
Fully Furnished Single Room,Clubview Road,3 BHK,1475,3,2,2,7829
Fully Furnished Single Room,Portofino C,3 BHK,1180,2,2,2,7834
Fully Furnished Single Room,Clubview Road,3 BHK,1490,3,2,1,7880
Fully Furnished Single Room,Portofino D,2 BHK,1200,2,2,0,7900
Fully Furnished Single Room,Portofino H,3 BHK,1590,3,2,2,7900
Fully Furnished Single Room,Clubview Road,3 BHK,1629,3,2,2,7900
Fully Furnished Single Room,Portofino E,2 BHK,1495,2,2,1,7950
Semi Furnished Flat,Clubview Road,2 BHK,1800,1,2,1,8000
Fully Furnished Single Room,Portofino F,2 BHK,1056,2,2,1,8000
Semi Furnished Flat,Clubview Road,3 BHK,1639,3,2,1,8000
Fully Furnished Single Room,Portofino F,4 BHK,1600,4,2,1,8000
Semi Furnished Flat,Portofino A,4 BHK,1600,4,2,1,8000
Semi Furnished Flat,Portofino B,2 BHK,1230,2,2,2,8000
Semi Furnished Flat,Clubview Road,2 BHK,1425,2,2,2,8000
Fully Furnished Single Room,Portofino D,5 BHK,900,3,2,2,8000
Fully Furnished Single Room,Portofino F,2 BHK,1180,2,2,3,8000
Fully Furnished Single Room,Portofino D,2 BHK,1296,2,2,3,8000
Semi Furnished Flat,School Street,2 BHK,1350,2,2,3,8000
Fully Furnished Single Room,Portofino D,2 BHK,1385,2,2,3,8000
Fully Furnished Single Room,Portofino B,3 BHK,1550,2,2,3,8000
Fully Furnished Single Room,School Street,2 BHK,1358,2,2,1,8058
Fully Furnished Single Room,Portofino H,2 BHK,1210,2,2,1,8090
Fully Furnished Single Room,Portofino E,3 BHK,1610,3,2,2,8100
Fully Furnished Single Room,Portofino B,2 BHK,1296,2,2,1,8100
Fully Furnished Single Room,Portofino B,2 BHK,1047,2,2,1,8200
Semi Furnished Flat,Portofino G,2 BHK,1175,2,2,1,8200
Fully Furnished Single Room,Clubview Road,2 BHK,1337,2,2,1,8200
Semi Furnished Flat,Clubview Road,2 BHK,1285,2,2,2,8200
Semi Furnished Flat,Clubview Road,3 BHK,1470,2,2,2,8200
Fully Furnished Single Room,Portofino A,3 BHK,1853,3,2,2,8200
Semi Furnished Flat,Clubview Road,3 BHK,1618,3,2,3,8250
Semi Furnished Flat,Portofino E,2 BHK,1447,2,2,1,8300
Fully Furnished Single Room,Portofino D,2 BHK,1296,2,2,2,8300
Fully Furnished Single Room,Portofino B,3 BHK,1535,3,2,2,8300
Fully Furnished Single Room,Clubview Road,2 BHK,1385,2,2,1,8309
Fully Furnished Single Room,Portofino B,3 BHK,1566,3,2,1,8330
Fully Furnished Single Room,Clubview Road,3 BHK,1515,3,2,1,8330
Fully Furnished Single Room,Clubview Road,2 BHK,1157,2,2,1,8400
Fully Furnished Single Room,Clubview Road,3 BHK,1490,3,2,1,8400
Fully Furnished Single Room,Portofino H,3 BHK,1644,3,2,3,8400
Fully Furnished Single Room,Portofino B,3 BHK,1780,3,2,1,8483
Fully Furnished Single Room,Clubview Road,1 BHK,1200,2,2,0,8500
Fully Furnished Single Room,School Street,8 BHK,1350,7,2,0,8500
Semi Furnished Flat,Portofino B,2 BHK,1200,2,2,1,8500
Semi Furnished Flat,Portofino B,5 BHK,600,3,2,2,8500
Semi Furnished Flat,Portofino B,4 BHK,1200,3,2,2,8500
Semi Furnished Flat,Portofino C,3 BHK,1630,3,2,2,8500
Fully Furnished Single Room,Clubview Road,3 BHK,1652,3,2,2,8500
Semi Furnished Flat,Portofino D,3 BHK,1750,3,2,2,8500
Semi Furnished Flat,Portofino A,3 BHK,1450,2,2,3,8500
Fully Furnished Single Room,School Street,6 BHK,1533,5,2,3,8500
Fully Furnished Single Room,School Street,3 BHK,1260,2,2,2,8505
Fully Furnished Single Room,Portofino E,3 BHK,1600,3,2,2,8600
Fully Furnished Single Room,Clubview Road,3 BHK,1820,2,2,3,8600
Fully Furnished Single Room,Clubview Road,3 BHK,1396,2,2,1,8651
Fully Furnished Single Room,Portofino B,3 BHK,1665,3,2,2,8658
Semi Furnished Flat,Portofino B,2 BHK,1359,2,2,1,8700
Semi Furnished Flat,Portofino D,3 BHK,1500,2,2,1,8700
Semi Furnished Flat,Portofino A,2 BHK,1282,2,2,2,8700
Semi Furnished Flat,Portofino A,3 BHK,1665,3,2,2,8800
Semi Furnished Flat,Portofino H,3 BHK,1760,3,2,2,8800
Semi Furnished Flat,Portofino A,3 BHK,1909,3,2,2,8800
Semi Furnished Flat,Portofino B,3 BHK,1798,3,2,2,8900
Semi Furnished Flat,Portofino B,2 BHK,1308,2,3,2,8904
Fully Furnished Single Room,School Street,3 BHK,1779,3,3,2,8961
Fully Furnished Single Room,Clubview Road,1 BHK,600,1,3,0,9000
Semi Furnished Flat,Portofino B,3 BHK,1200,3,3,0,9000
Fully Furnished Single Room,Portofino D,4 BHK,1200,4,3,0,9000
Fully Furnished Single Room,School Street,3 BHK,1325,2,3,1,9000
Fully Furnished Single Room,Portofino H,3 BHK,1460,2,3,1,9000
Fully Furnished Single Room,School Street,3 BHK,1200,3,3,1,9000
Fully Furnished Single Room,Portofino D,3 BHK,1200,3,3,1,9000
Semi Furnished Flat,Portofino B,3 BHK,1695,3,3,1,9000
Fully Furnished Single Room,Portofino C,5 BHK,4360,4,3,1,9000
Fully Furnished Single Room,School Street,3 BHK,1540,3,3,2,9000
Semi Furnished Flat,Portofino C,4 BHK,600,4,3,2,9000
Fully Furnished Single Room,Portofino G,4 BHK,660,4,3,2,9000
Semi Furnished Flat,Portofino A,3 BHK,1475,2,3,3,9000
Fully Furnished Single Room,Portofino A,3 BHK,1799,3,2,3,9000
Semi Furnished Flat,Portofino B,2 BHK,1451,2,2,1,9000
Semi Furnished Flat,Portofino E,3 BHK,2010,3,2,2,9100
Semi Furnished Flat,Portofino E,3 BHK,1640,4,2,2,9100
Semi Furnished Flat,Portofino B,3 BHK,1710,4,2,2,9131
Semi Furnished Flat,Clubview Road,3 BHK,1762,3,2,3,9145
Semi Furnished Flat,Portofino A,2 BHK,1330.74,2,2,2,9179
Semi Furnished Flat,Portofino A,2 BHK,1567,2,2,2,9200
Fully Furnished Single Room,Portofino G,2 BHK,1270,2,2,2,9300
Fully Furnished Single Room,Portofino G,2 BHK,1245,2,2,1,9400
Fully Furnished Single Room,Portofino B,3 BHK,1425,2,2,2,9400
Fully Furnished Single Room,Portofino B,3 BHK,2489,3,2,2,9400
Fully Furnished Single Room,Clubview Road,2 BHK,1196,2,2,2,9442
Fully Furnished Single Room,Portofino E,2 BHK,1459,2,2,1,9482
Fully Furnished Single Room,Clubview Road,4 BHK,1200,2,2,0,9500
Fully Furnished Single Room,Portofino D,2 BHK,1440,2,2,0,9500
Semi Furnished Flat,School Street,3 BHK,1200,3,2,0,9500
Semi Furnished Flat,Portofino A,3 BHK,600,4,2,0,9500
Fully Furnished Single Room,Portofino G,3 BHK,1400,2,2,1,9500
Semi Furnished Flat,Portofino B,3 BHK,1511,3,2,1,9500
Semi Furnished Flat,Portofino B,3 BHK,1521,3,2,1,9500
Fully Furnished Single Room,Portofino C,2 BHK,1278,2,2,2,9500
Semi Furnished Flat,Clubview Road,2 BHK,1374,2,2,2,9500
Semi Furnished Flat,Portofino C,3 BHK,1500,2,2,2,9500
Fully Furnished Single Room,Portofino D,3 BHK,1500,2,2,2,9500
Fully Furnished Single Room,Clubview Road,3 BHK,1715,2,2,2,9500
Semi Furnished Flat,Portofino H,3 BHK,1445,3,2,2,9500
Semi Furnished Flat,Portofino B,3 BHK,1665,3,2,2,9500
Fully Furnished Single Room,Portofino E,3 BHK,1705,3,2,2,9500
Semi Furnished Flat,School Street,3 BHK,1800,3,2,2,9500
Fully Furnished Single Room,Portofino D,3 BHK,1500,3,2,3,9500
Semi Furnished Flat,Portofino H,3 BHK,1740,2,2,0,9500
Fully Furnished Single Room,Portofino C,4 BHK,1200,3,2,1,9500
Fully Furnished Single Room,Clubview Road,2 BHK,1341,2,2,1,9700
Fully Furnished Single Room,Portofino A,2 BHK,1270,2,2,1,9800
Fully Furnished Single Room,Clubview Road,2 BHK,1349,2,2,1,9800
Fully Furnished Single Room,Portofino B,3 BHK,1630,2,2,1,9800
Fully Furnished Single Room,Portofino D,3 BHK,1475,3,2,1,9800
Fully Furnished Single Room,Portofino C,2 BHK,1100,2,2,2,9800
Fully Furnished Single Room,Portofino E,2 BHK,1327,2,2,2,9800
Fully Furnished Single Room,Portofino G,3 BHK,1620,3,2,2,9800
Semi Furnished Flat,Clubview Road,2 BHK,1349,2,2,1,9820
Semi Furnished Flat,Portofino C,3 BHK,1787,3,2,2,9829
Semi Furnished Flat,Portofino H,3 BHK,1092,2,2,1,9850
Semi Furnished Flat,Clubview Road,4 BHK,2225,4,2,0,9888
Semi Furnished Flat,Clubview Road,2 BHK,1045,2,2,1,9889
Fully Furnished Single Room,Portofino B,6 BHK,1300,6,2,0,9900
Fully Furnished Single Room,School Street,3 BHK,1670,3,2,1,9900
Fully Furnished Single Room,School Street,3 BHK,1599,3,2,2,9900
Fully Furnished Single Room,Portofino H,4 BHK,2000,4,2,2,9900
Fully Furnished Single Room,Portofino A,3 BHK,1717,3,2,3,9900
Semi Furnished Flat,Portofino D,3 BHK,1450,3,2,0,10000
Semi Furnished Flat,School Street,5 BHK,1200,5,2,0,10000
Fully Furnished Single Room,Portofino F,3 BHK,1420,2,2,1,10000
Fully Furnished Single Room,Portofino G,3 BHK,1450,2,2,1,10000
Semi Furnished Flat,School Street,3 BHK,500,3,2,2,10000
Semi Furnished Flat,School Street,3 BHK,1500,3,2,2,10000
Fully Furnished Single Room,Portofino H,3 BHK,1750,3,2,2,10000
Semi Furnished Flat,Clubview Road,3 BHK,1823,3,2,2,10000
Fully Furnished Single Room,Portofino D,3 BHK,1825,3,2,2,10000
Semi Furnished Flat,Portofino B,2 BHK,1438,2,2,3,10000
Fully Furnished Single Room,Portofino C,3 BHK,1550,3,2,3,10000
Fully Furnished Single Room,Portofino D,3 BHK,1580,3,2,3,10000
Semi Furnished Flat,Portofino E,3 BHK,1720,3,2,3,10000
Fully Furnished Single Room,Portofino E,3 BHK,1790,3,2,2,10000
Fully Furnished Single Room,Clubview Road,3 BHK,1569,3,2,1,10100
Fully Furnished Single Room,Portofino E,3 BHK,1768,3,2,2,10100
Fully Furnished Single Room,Portofino A,2 BHK,1253,2,2,1,10200
Fully Furnished Single Room,Clubview Road,3 BHK,1499,5,2,2,10200
Semi Furnished Flat,School Street,3 BHK,1767,3,2,1,10300
Fully Furnished Single Room,School Street,3 BHK,1991,4,2,2,10300
Semi Furnished Flat,Portofino C,4 BHK,1863,3,2,2,10400
Semi Furnished Flat,Portofino A,3 BHK,1560,3,2,1,10500
Semi Furnished Flat,Portofino A,3 BHK,1660,2,2,2,10500
Semi Furnished Flat,Portofino B,3 BHK,1847,3,2,2,10500
Semi Furnished Flat,Clubview Road,3 BHK,1710,3,2,2,10700
Fully Furnished Single Room,Portofino B,3 BHK,1600,2,2,1,10800
Fully Furnished Single Room,Portofino C,3 BHK,2072,3,2,2,10800
Fully Furnished Single Room,Portofino E,3 BHK,1693,3,2,3,10800
Fully Furnished Single Room,Portofino B,3 BHK,1683,3,2,1,10900
Fully Furnished Single Room,Clubview Road,3 BHK,1891,3,3,1,10900
Fully Furnished Single Room,Portofino A,2 BHK,1005,1,3,1,11000
Fully Furnished Single Room,Portofino D,2 BHK,900,2,3,1,11000
Fully Furnished Single Room,Portofino A,4 BHK,2250,4,3,1,11000
Fully Furnished Single Room,Portofino A,2 BHK,1290,2,3,2,11000
Fully Furnished Single Room,Portofino D,2 BHK,1353,2,3,2,11000
Fully Furnished Single Room,Portofino B,3 BHK,1875,2,3,2,11000
Fully Furnished Single Room,Portofino D,3 BHK,1704,3,3,2,11000
Fully Furnished Single Room,School Street,3 BHK,1935,3,3,2,11000
Fully Furnished Single Room,Portofino H,3 BHK,1800,3,3,3,11000
Fully Furnished Single Room,Portofino B,3 BHK,1870,3,3,3,11000
Fully Furnished Single Room,Portofino A,3 BHK,1000,4,2,3,11000
Fully Furnished Single Room,Portofino C,3 BHK,1800,3,2,2,11000
Fully Furnished Single Room,Portofino B,3 BHK,1828,3,2,2,11000
Fully Furnished Single Room,Clubview Road,4 BHK,2118,4,2,2,11100
Fully Furnished Single Room,School Street,4 BHK,2119,4,2,3,11100
Fully Furnished Single Room,Portofino D,3 BHK,1779,3,2,2,11200
Fully Furnished Single Room,Portofino C,3 BHK,1691,3,2,2,11300
Super Furnished Single Room,Portofino B,2 BHK,1600,2,2,0,11500
Fully Furnished Single Room,Portofino D,7 BHK,950,7,2,0,11500
Semi Furnished Flat,Portofino C,2 BHK,1300,1,2,1,11500
Semi Furnished Flat,Portofino C,2 BHK,1500,2,2,1,11500
Super Furnished Single Room,Portofino B,3 BHK,1783,3,2,1,11500
Super Furnished Single Room,Portofino B,2 BHK,1355,2,2,2,11500
Fully Furnished Single Room,Portofino E,3 BHK,1595,3,2,2,11500
Semi Furnished Flat,Clubview Road,3 BHK,1801,3,2,2,11500
Semi Furnished Flat,Clubview Road,7 BHK,2500,6,2,2,11500
Super Furnished Single Room,Portofino D,3 BHK,1560,3,2,3,11500
Semi Furnished Flat,Portofino B,3 BHK,1688,3,2,1,11800
Semi Furnished Flat,Clubview Road,3 BHK,1900,3,2,2,11900
Super Furnished Single Room,Clubview Road,3 BHK,2450,3,2,0,12000
Semi Furnished Flat,Portofino C,4 BHK,2000,4,2,0,12000
Super Furnished Single Room,Portofino H,3 BHK,1640,2,2,1,12000
Super Furnished Single Room,Clubview Road,2 BHK,1656,2,2,1,12000
Semi Furnished Flat,Portofino D,3 BHK,1750,3,2,1,12000
Super Furnished Single Room,Portofino D,3 BHK,1427,3,2,2,12000
Semi Furnished Flat,Portofino D,3 BHK,1753,3,2,2,12000
Semi Furnished Flat,Portofino A,3 BHK,1804,3,2,2,12000
Super Furnished Single Room,Clubview Road,3 BHK,1904,3,2,2,12000
Semi Furnished Flat,Portofino B,3 BHK,1800,3,2,3,12000
Super Furnished Single Room,Portofino H,3 BHK,2300,3,2,3,12000
Super Furnished Single Room,School Street,4 BHK,2600,5,2,3,12000
Super Furnished Single Room,Clubview Road,6 BHK,700,3,2,2,12000
Super Furnished Single Room,Portofino B,3 BHK,1544,3,2,2,12000
Super Furnished Single Room,Portofino D,4 BHK,3000,4,2,1,12000
Semi Furnished Flat,Portofino D,3 BHK,1826,3,2,2,12100
Semi Furnished Flat,School Street,3 BHK,1755,3,2,1,12200
Semi Furnished Villa,Clubview Road,3 BHK,1760,2,2,2,12300
Semi Furnished Flat,Portofino H,4 BHK,1200,2,2,0,12500
Semi Furnished Villa,Portofino D,3 BHK,2225,2,2,1,12500
Semi Furnished Villa,Portofino H,3 BHK,1762,3,2,1,12500
Super Furnished Single Room,Clubview Road,3 BHK,1590,2,2,2,12500
Super Furnished Single Room,Clubview Road,3 BHK,1575,3,2,2,12500
Semi Furnished Flat,School Street,3 BHK,1599,3,2,2,12500
Semi Furnished Flat,Portofino B,3 BHK,1724,3,2,2,12500
Semi Furnished Flat,Portofino C,3 BHK,1787,3,2,2,12500
Semi Furnished Villa,Portofino C,3 BHK,2100,3,2,2,12500
Semi Furnished Flat,Portofino B,6 BHK,1200,4,2,2,12500
Semi Furnished Flat,School Street,8 BHK,2400,6,2,3,12500
Super Furnished Single Room,Portofino A,3 BHK,1925,3,2,2,12500
Semi Furnished Villa,School Street,2 BHK,1150,2,2,2,12600
Semi Furnished Villa,Portofino D,3 BHK,2280,4,2,2,12600
Super Furnished Single Room,Portofino B,2 BHK,1200,2,2,2,12800
Super Furnished Single Room,Portofino D,3 BHK,1933,3,2,1,12900
Semi Furnished Flat,Portofino E,4 BHK,1950,4,2,0,13000
Semi Furnished Flat,Portofino B,2 BHK,800,1,2,1,13000
Super Furnished Single Room,Clubview Road,3 BHK,1760,2,2,2,13000
Super Furnished Single Room,Portofino D,3 BHK,1702,3,2,2,13000
Super Furnished Single Room,Portofino A,3 BHK,1750,3,2,2,13000
Super Furnished Single Room,Portofino D,3 BHK,1897,3,2,2,13000
Semi Furnished Flat,Portofino H,3 BHK,1935,4,2,2,13000
Semi Furnished Flat,Portofino E,3 BHK,35000,3,2,3,13000
Semi Furnished Flat,Portofino D,3 BHK,1868,3,2,2,13100
Semi Furnished Flat,Clubview Road,3 BHK,2026,3,2,2,13200
Semi Furnished Flat,Portofino D,3 BHK,1580,2,2,0,13400
Super Furnished Single Room,Clubview Road,3 BHK,1920,3,3,2,13400
Semi Furnished Flat,Portofino C,3 BHK,1352,3,3,0,13500
Semi Furnished Flat,Clubview Road,3 BHK,1789,3,3,2,13500
Super Furnished Single Room,Portofino D,3 BHK,1735,3,3,3,13500
Semi Furnished Flat,Portofino E,3 BHK,2502,3,3,3,13800
Semi Furnished Flat,Portofino H,3 BHK,1500,3,3,1,13900
Semi Furnished Villa,School Street,3 BHK,1350,2,3,0,14000
Semi Furnished Flat,School Street,8 BHK,3000,8,3,0,14000
Semi Furnished Flat,Portofino H,2 BHK,1468,2,3,1,14000
Semi Furnished Villa,Clubview Road,3 BHK,880,3,2,1,14000
Semi Furnished Flat,Portofino C,3 BHK,2238,3,2,1,14000
Semi Furnished Flat,Portofino A,5 BHK,2845,5,2,1,14000
Semi Furnished Villa,School Street,3 BHK,1200,3,2,2,14000
Semi Furnished Flat,Portofino B,3 BHK,1933,3,2,2,14000
Semi Furnished Flat,Portofino H,3 BHK,2060,3,2,2,14000
Semi Furnished Flat,Clubview Road,3 BHK,2089,3,2,2,14000
Semi Furnished Flat,Portofino C,3 BHK,2497,3,2,2,14000
Semi Furnished Flat,Portofino B,6 BHK,3600,6,2,0,14100
Semi Furnished Villa,Portofino D,3 BHK,2072,4,2,2,14200
Semi Furnished Villa,Clubview Road,6 BHK,1300,6,2,0,14500
Semi Furnished Villa,Portofino D,3 BHK,2050,3,2,1,14500
Semi Furnished Villa,Portofino D,3 BHK,2144,3,2,2,14500
Semi Furnished Villa,Clubview Road,3 BHK,2111,4,3,2,14500
Semi Furnished Flat,Portofino H,4 BHK,8500,4,3,2,14500
Semi Furnished Flat,Portofino C,3 BHK,2250,3,3,2,14800
Semi Furnished Flat,Portofino B,3 BHK,1800,3,3,0,15000
Semi Furnished Flat,Portofino B,2 BHK,1200,2,3,1,15000
Semi Furnished Villa,Portofino A,3 BHK,2400,2,3,1,15000
Semi Furnished Villa,Clubview Road,3 BHK,1500,3,3,1,15000
Semi Furnished Flat,Portofino F,3 BHK,1850,3,3,1,15000
Semi Furnished Villa,Portofino A,3 BHK,1904,3,3,1,15000
Semi Furnished Flat,Clubview Road,2 BHK,2400,3,3,1,15000
Semi Furnished Flat,Portofino B,6 BHK,1407,4,3,1,15000
Semi Furnished Villa,Clubview Road,2 BHK,1694,2,3,2,15000
Semi Furnished Flat,Portofino B,3 BHK,1350,3,3,2,15000
Semi Furnished Villa,Portofino B,3 BHK,1680,3,3,2,15000
Semi Furnished Villa,Clubview Road,3 BHK,1709,3,2,2,15000
Semi Furnished Flat,Portofino B,5 BHK,940,4,2,2,15000
Semi Furnished Flat,Portofino C,4 BHK,2650,4,2,2,15000
Semi Furnished Flat,Portofino C,5 BHK,3500,5,2,2,15000
Semi Furnished Villa,Clubview Road,3 BHK,1850,3,2,3,15000
Semi Furnished Flat,School Street,3 BHK,1975,3,2,3,15000
Semi Furnished Villa,Clubview Road,7 BHK,1200,7,2,3,15000
Semi Furnished Flat,Portofino B,4 BHK,2181,3,2,2,15200
Semi Furnished Flat,Clubview Road,4 BHK,2805,5,2,3,15400
Semi Furnished Villa,Portofino A,4 BHK,1080,3,2,1,15500
Semi Furnished Villa,Clubview Road,3 BHK,1700,3,2,2,15500
Semi Furnished Villa,Clubview Road,4 BHK,1200,4,2,2,15500
Semi Furnished Flat,Portofino D,4 BHK,2760,4,2,2,15500
Semi Furnished Villa,Clubview Road,3 BHK,2264,3,2,1,15900
Semi Furnished Flat,Portofino C,3 BHK,1867,3,2,1,16000
Semi Furnished Flat,Portofino F,3 BHK,2225,3,2,1,16000
Semi Furnished Villa,Portofino C,5 BHK,1000,4,3,1,16000
Semi Furnished Flat,Portofino B,6 BHK,3600,4,3,1,16000
Semi Furnished Flat,Portofino A,3 BHK,1580,3,3,2,16000
Semi Furnished Flat,Clubview Road,3 BHK,2250,3,3,2,16000
Semi Furnished Flat,Clubview Road,5 BHK,1210,4,3,2,16000
Semi Furnished Flat,Portofino C,6 BHK,710,6,3,3,16000
Semi Furnished Flat,Portofino D,3 BHK,1910,3,3,2,16100
Semi Furnished Flat,Clubview Road,3 BHK,2330,3,3,2,16200
Semi Furnished Flat,Portofino A,2 BHK,1000,2,3,0,16500
Semi Furnished Flat,Portofino A,2 BHK,1320,2,3,1,16500
Semi Furnished Flat,School Street,4 BHK,1200,3,3,1,16500
Semi Furnished Flat,Portofino H,3 BHK,1875,3,3,2,16500
Semi Furnished Flat,Portofino H,4 BHK,1200,4,3,3,16500
Semi Furnished Flat,School Street,3 BHK,3045,3,3,2,17000
Semi Furnished Flat,Portofino B,5 BHK,1200,5,2,2,17000
Semi Furnished Flat,Portofino C,3 BHK,2000,3,2,1,17500
Semi Furnished Villa,Clubview Road,4 BHK,1200,4,2,1,17500
Semi Furnished Flat,Portofino B,4 BHK,1780,4,4,3,17500
Semi Furnished Villa,School Street,3 BHK,1578,3,4,1,18000
Semi Furnished Flat,Portofino C,5 BHK,1200,5,4,2,18000
Semi Furnished Flat,Portofino B,8 BHK,2600,8,4,2,18000
Semi Furnished Flat,Portofino C,4 BHK,1500,4,2,2,18000
Semi Furnished Flat,Portofino A,3 BHK,1976,3,2,1,18400
Semi Furnished Flat,Portofino C,2 BHK,1500,2,2,2,18500
Semi Furnished Flat,Portofino B,3 BHK,2420,3,2,2,18500
Semi Furnished Villa,School Street,6 BHK,1034,5,2,2,18500
Semi Furnished Villa,Portofino E,4 BHK,2200,4,2,0,18600
Semi Furnished Villa,Portofino C,5 BHK,1800,4,2,3,18700
Semi Furnished Villa,Portofino B,4 BHK,1736,6,2,0,19000
Semi Furnished Villa,Portofino F,5 BHK,1200,5,2,2,19000
Semi Furnished Flat,Portofino C,9 BHK,600,9,2,3,19000
Semi Furnished Villa,School Street,4 BHK,3000,4,2,1,19200
Semi Furnished Villa,Portofino F,3 BHK,1630,3,2,2,19400
Fully Furnished Flat,Portofino C,4 BHK,2830,3,2,3,19500
Fully Furnished Flat,Clubview Road,4 BHK,2650,4,2,2,19800
Semi Furnished Villa,School Street,1 BHK,1300,1,2,0,20000
Semi Furnished Villa,Portofino B,2 BHK,1250,2,3,0,20000
Semi Furnished Villa,Portofino G,3 BHK,2061,3,3,1,20000
Fully Furnished Flat,Portofino C,2 BHK,1630,2,3,2,20000
Fully Furnished Flat,Portofino D,4 BHK,1200,4,3,2,20000
Semi Furnished Villa,Clubview Road,4 BHK,2200,4,3,2,20000
Semi Furnished Villa,Portofino C,3 BHK,1725,3,3,3,20000
Semi Furnished Villa,Clubview Road,8 BHK,600,9,3,3,20000
Semi Furnished Villa,Clubview Road,3 BHK,2376,3,3,1,20300
Fully Furnished Flat,Portofino B,4 BHK,2732,4,3,2,20400
Fully Furnished Flat,School Street,3 BHK,2511,3,3,3,20500
Fully Furnished Flat,Portofino C,4 BHK,1200,4,3,0,21000
Semi Furnished Villa,Clubview Road,6 BHK,3000,7,3,2,21000
Semi Furnished Villa,Portofino B,9 BHK,5000,9,3,3,21000
Semi Furnished Villa,Clubview Road,4 BHK,2483,5,3,2,21200
Semi Furnished Villa,Portofino E,5 BHK,3050,5,3,1,21300
Fully Furnished Flat,Portofino D,3 BHK,2135,3,3,2,21500
Fully Furnished Flat,Portofino B,4 BHK,1200,4,3,0,22000
Fully Furnished Flat,Portofino F,4 BHK,1500,4,3,2,22000
Fully Furnished Flat,Portofino A,3 BHK,2791,3,2,1,22300
Fully Furnished Flat,Clubview Road,4 BHK,2900,4,2,2,22450
Fully Furnished Flat,School Street,3 BHK,1855,3,2,1,22500
Semi Furnished Villa,Portofino C,4 BHK,3700,4,2,1,22500
Semi Furnished Villa,Portofino D,6 BHK,1200,4,3,2,22500
Semi Furnished Villa,Portofino D,7 BHK,4000,7,3,2,22500
Semi Furnished Villa,Portofino C,4 BHK,2230,4,3,3,22500
Fully Furnished Flat,Portofino C,3 BHK,1640,3,3,2,22900
Semi Furnished Villa,Clubview Road,4 BHK,1200,4,3,1,23000
Fully Furnished Flat,Portofino D,4 BHK,3252,4,3,1,23000
Semi Furnished Villa,School Street,4 BHK,1500,4,3,2,23000
Fully Furnished Flat,Portofino D,4 BHK,3122,6,3,2,23000
Semi Furnished Villa,Portofino G,2 BHK,1410,1,3,0,23300
Semi Furnished Villa,Portofino C,3 BHK,2795,4,4,2,23500
Semi Furnished Villa,Portofino C,4 BHK,4800,4,3,2,23500
Semi Furnished Villa,Portofino D,4 BHK,3800,4,3,3,23900
Semi Furnished Villa,Portofino A,4 BHK,3260,4,3,1,24000
Fully Furnished Flat,Portofino D,3 BHK,4395,3,3,2,24000
Semi Furnished Villa,Clubview Road,5 BHK,3300,5,3,2,24000
Semi Furnished Villa,Portofino C,5 BHK,1640,4,3,3,24000
Fully Furnished Flat,Portofino C,3 BHK,2150,4,3,2,24000
Semi Furnished Villa,Clubview Road,3 BHK,2400,4,4,1,24500
Semi Furnished Villa,Portofino A,4 BHK,2894,4,4,1,24500
Semi Furnished Villa,Clubview Road,4 BHK,2470,5,4,2,24700
Fully Furnished Flat,Portofino C,6 BHK,1450,6,4,0,25000
Fully Furnished Flat,Clubview Road,6 BHK,2160,5,4,1,25000
Super Furnished Flat,School Street,7 BHK,1800,7,4,1,25000
Fully Furnished Flat,Portofino B,4 BHK,4111,4,3,2,25000
Fully Furnished Flat,Portofino F,4 BHK,2825,4,3,3,25000
Fully Furnished Flat,Portofino B,4 BHK,3800,4,3,3,25000
Super Furnished Flat,Clubview Road,6 BHK,4400,6,1,3,25000
Fully Furnished Flat,Portofino B,6 BHK,1200,7,2,3,25000
Super Furnished Flat,Portofino F,8 BHK,1200,8,2,3,25000
Super Furnished Flat,Clubview Road,8 BHK,5000,8,2,3,25000
Fully Furnished Flat,Clubview Road,3 BHK,1800,3,3,2,25200
Fully Furnished Flat,Portofino C,4 BHK,1150,4,5,2,26000
Fully Furnished Flat,Portofino B,3 BHK,2405,4,5,2,26000
Fully Furnished Flat,Portofino C,4 BHK,3000,5,5,2,26000
Fully Furnished Flat,Clubview Road,3 BHK,3450,5,5,2,26000
Super Furnished Flat,Clubview Road,4 BHK,3385,5,5,1,26000
Fully Furnished Villa,Clubview Road,3 BHK,2378,3,3,1,26200
Fully Furnished Villa,Portofino H,9 BHK,4000,9,3,3,26500
Super Furnished Flat,Portofino E,4 BHK,3206,5,3,2,27000
Super Furnished Flat,Portofino C,4 BHK,3000,5,4,1,27500
Fully Furnished Villa,Clubview Road,3 BHK,2100,3,4,2,27500
Fully Furnished Villa,Portofino B,3 BHK,4050,3,4,2,28000
Fully Furnished Villa,Portofino C,3 BHK,2770,4,5,2,29000
Fully Furnished Villa,Portofino F,9 BHK,1260,11,4,2,29000
Fully Furnished Villa,Portofino D,4 BHK,2785,5,4,3,29500
Fully Furnished Flat,Clubview Road,4 BHK,2000,4,5,1,30000
Super Furnished Flat,Clubview Road,7 BHK,1875,2,5,2,30000
Fully Furnished Villa,Portofino G,3 BHK,1846,3,6,2,30000
Fully Furnished Flat,Portofino H,4 BHK,2900,3,6,2,30000
Fully Furnished Flat,Portofino B,4 BHK,3670,4,5,3,30000
Fully Furnished Villa,Portofino D,4 BHK,3500,5,4,2,30400
Fully Furnished Villa,Portofino D,3 BHK,2500,3,5,2,31300
Fully Furnished Flat,Portofino D,4 BHK,4144,4,5,3,31500
Fully Furnished Flat,Portofino B,4 BHK,2500,5,4,2,32500
Fully Furnished Flat,School Street,4 BHK,3309,4,5,3,32500
Super Furnished Flat,School Street,4 BHK,1200,5,4,2,32500
Super Furnished Flat,Clubview Road,3 BHK,2480,3,5,1,33000
Super Furnished Flat,Portofino A,4 BHK,3252,5,5,3,33500
Super Furnished Flat,Portofino B,5 BHK,4500,7,4,3,33700
Fully Furnished Flat,Portofino D,4 BHK,4104,4,4,2,36000
Fully Furnished Flat,Portofino F,4 BHK,5000,9,3,3,36000
Fully Furnished Flat,Portofino C,3 BHK,2000,3,3,2,36500
Fully Furnished Flat,Clubview Road,6 BHK,1020,6,2,3,37000
Fully Furnished Flat,Portofino B,4 BHK,2400,4,5,2,37500
Fully Furnished Flat,Clubview Road,5 BHK,4400,6,6,2,37500
Fully Furnished Villa,Portofino D,4 BHK,2800,5,6,2,38000
Super Furnished Villa,Clubview Road,4 BHK,2400,4,6,1,40000
Fully Furnished Villa,Portofino F,4 BHK,3600,4,5,3,40000
Super Furnished Villa,Portofino C,3 BHK,2390,3,5,2,41000
Super Furnished Villa,Portofino B,3 BHK,2390,3,5,2,41500
Super Furnished Villa,Portofino D,4 BHK,4200,4,6,2,42000
Super Furnished Villa,School Street,5 BHK,4239,5,5,2,42300
Fully Furnished Villa,School Street,4 BHK,2440,5,6,2,42500
Fully Furnished Villa,Portofino A,4 BHK,3500,5,6,2,42500
Super Furnished Villa,Portofino F,4 BHK,2850,4,6,1,42800
Super Furnished Villa,School Street,4 BHK,3010,4,5,0,44500
Fully Furnished Villa,Clubview Road,4 BHK,4000,5,5,3,45300
Fully Furnished Villa,Clubview Road,4 BHK,5230,6,4,1,46500
Fully Furnished Villa,Clubview Road,4 BHK,4600,4,4,0,47700
Fully Furnished Villa,Portofino F,3 BHK,2610,3,4,0,49900
Super Furnished Villa,Clubview Road,4 BHK,3205,5,4,1,50000
Super Furnished Villa,Portofino F,5 BHK,3000,3,4,1,52800
Fully Furnished Villa,Clubview Road,5 BHK,4700,6,4,3,54850
Super Furnished Villa,Portofino B,4 BHK,4300,5,5,2,55000
Super Furnished Villa,Portofino B,4 BHK,3300,4,6,3,60000
Super Furnished Villa,Portofino C,4 BHK,5500,4,5,3,60000
Super Furnished Villa,Clubview Road,4 BHK,2400,4,5,1,64000
Super Furnished Villa,Portofino D,4 BHK,5700,5,5,3,65000
Super Furnished Villa,Portofino F,3 BHK,4000,3,6,1,66000
Super Furnished Villa,Portofino C,3 BHK,3761,3,6,2,66000
Super Furnished Villa,Portofino D,4 BHK,4900,4,6,3,70000
Super Furnished Villa,Portofino B,4 BHK,3750,4,5,0,76000
Super Furnished Villa,School Street,4 BHK,5270,4,5,3,80000
Super Furnished Villa,Portofino B,6 BHK,5100,7,6,3,90000
Super Furnished Villa,Portofino B,7 BHK,6300,6,6,3,96000